code,name_fr,name_ar,phone_code,postal_code,latitude,longitude,created,capital_commune_code
1,Adrar,أدرار,049,01000,27.87429,-0.297222,original,101
2,Chlef,الشلف,027,02000,36.1647,1.3317,original,201
3,Laghouat,الأغواط,029,03000,33.8,2.875,original,301
4,Oum El Bouaghi,أم البواقي,032,04000,35.8706,7.117,original,401
5,Batna,باتنة,033,05000,35.55597,6.1741447,original,501
6,Béjaïa,بجاية,034,06000,36.7508896,5.0567333,original,601
7,Biskra,بسكرة,033,07000,34.850882,5.729074,original,701
8,Béchar,بشار,049,08000,31.61667,-2.21667,original,801
9,Blida,البليدة,025,09000,36.47004,2.8319,original,901
10,Bouira,البويرة,026,10000,36.37763,3.8962348,original,1001
11,Tamanrasset,تمنراست,029,11000,22.7888209,5.52278,original,1101
12,Tébessa,تبسة,037,12000,35.405556,8.12417,original,1201
13,Tlemcen,تلمسان,043,13000,34.882777,-1.316667,original,1301
14,Tiaret,تيارت,046,14000,35.3667,1.3167,original,1401
15,Tizi Ouzou,تيزي وزو,026,15000,36.733333,4.05,original,1501
16,Alger,الجزائر,021,16000,36.776335,3.058211,original,1601
17,Djelfa,الجلفة,027,17000,34.67279,3.25,original,1701
18,Jijel,جيجل,034,18000,36.82055,5.7667,original,1801
19,Sétif,سطيف,036,19000,36.19112,5.4150871,original,1901
20,Saïda,سعيدة,048,20000,34.833333,0.15,original,2001
21,Skikda,سكيكدة,038,21000,36.87617,6.9,original,2101
22,Sidi Bel Abbès,سيدي بلعباس,048,22000,35.2022249,-0.6298922,original,2201
23,Annaba,عنابة,038,23000,36.9,7.7667,original,2301
24,Guelma,قالمة,037,24000,36.466,7.4206,original,2401
25,Constantine,قسنطينة,031,25000,36.364164,6.608428,original,2501
26,Médéa,المدية,025,26000,36.2675,2.75,original,2601
27,Mostaganem,مستغانم,045,27000,35.9246589,0.09,original,2701
28,M'Sila,المسيلة,035,28000,35.71,4.5472,original,2801
29,Mascara,معسكر,045,29000,35.4,0.133333,original,2901
30,Ouargla,ورقلة,029,30000,31.95,5.3167,original,3001
31,Oran,وهران,041,31000,35.70833333,-0.6331,original,3101
32,El Bayadh,البيض,049,32000,33.684319,1.018245,original,3201
33,Illizi,إليزي,029,33000,26.483333,8.483333333,original,3301
34,Bordj Bou Arreridj,برج بوعريريج,035,34000,36.0704188,4.766667,original,3401
35,Boumerdès,بومرداس,024,35000,36.766,3.477,original,3501
36,El Tarf,الطارف,038,36000,36.7667186,8.317,original,3601
37,Tindouf,تندوف,049,37000,27.670556,-8.12724,original,3701
38,Tissemsilt,تيسمسيلت,046,38000,35.60722,1.8108,original,3801
39,El Oued,الوادي,032,39000,33.36111111,6.8605556,original,3901
40,Khenchela,خنشلة,032,40000,35.4358,7.1433,original,4001
41,Souk Ahras,سوق أهراس,037,41000,36.286389,7.950833333,original,4101
42,Tipaza,تيبازة,024,42000,36.591944,2.443,original,4201
43,Mila,ميلة,031,43000,36.4503,6.2644,original,4301
44,Aïn Defla,عين الدفلى,027,44000,36.2652,1.9703,original,4401
45,Naâma,النعامة,049,45000,33.2667,-0.3167,original,4501
46,Aïn Témouchent,عين تموشنت,043,46000,35.297,-1.133333,original,4601
47,Ghardaïa,غرداية,029,47000,32.4833,3.6667,original,4701
48,Relizane,غليزان,046,48000,35.7333,0.5588787,original,4801
49,Timimoun,تيميمون,049,49000,29.25,0.2285923,2019,4901
50,Bordj Badji Mokhtar,برج باجي مختار,049,50000,21.3292442,0.954167,2019,5001
51,Ouled Djellal,أولاد جلال,033,51000,34.4254103,5.0644342,2019,5101
52,Béni Abbès,بني عباس,049,52000,30.131743,-2.169031,2019,5201
53,In Salah,عين صالح,029,53000,27.1935,2.483333,2019,5301
54,In Guezzam,عين قزام,029,54000,19.5696707,5.76806,2019,5401
55,Touggourt,توقرت,029,55000,33.1,6.05796,2019,5501
56,Djanet,جانت,029,56000,24.55270656,9.4841939,2019,5601
57,El M'Ghair,المغير,032,57000,33.953,5.9242,2019,5701
58,El Meniaa,المنيعة,029,58000,30.57556,2.885833333,2019,5801
59,Aflou,آفلو,,59000,34.11279,2.1019,2026,319
60,Barika,بريكة,,60000,35.3972,5.3658,2026,542
61,El Kantara,القنطرة,,61000,35.223115,5.709284,2026,717
62,Bir El Ater,بئر العاتر,,62000,34.74488,8.06,2026,1202
63,El Aricha,العريشة,,63000,34.22259,-1.257,2026,1332
64,Ksar Chellala,قصر الشلالة,,64000,35.21222,2.3189,2026,1429
65,Aïn Ouessara,عين وسارة,,65000,35.4542653,2.904444,2026,1731
66,Messaad,مسعد,,66000,34.15429,3.50309,2026,1717
67,Ksar El Boukhari,قصر البخاري,,67000,35.88889,2.74905,2026,2635
68,Bou Saâda,بوسعادة,,68000,35.219167,4.17402,2026,2820
69,El Abiodh Sidi Cheikh,الأبيض سيدي الشيخ,,69000,32.898611,0.544444,2026,3207
