code,name_ar,name_fr,name_en,created,mother_wilaya_code,law,communes_count,dairas_count,post_reform_communes,post_reform_dairas,capital_commune_code
1,أدرار,Adrar,Adrar,1984,,,16,6,,,101
2,الشلف,Chlef,Chlef,1984,,,35,13,,,201
3,الأغواط,Laghouat,Laghouat,1984,,,24,10,12,5,301
4,أم البواقي,Oum El Bouaghi,Oum El Bouaghi,1984,,,29,12,,,401
5,باتنة,Batna,Batna,1984,,,61,21,53,18,501
6,بجاية,Béjaïa,Béjaïa,1984,,,52,19,,,601
7,بسكرة,Biskra,Biskra,1984,,,27,10,22,7,701
8,بشار,Béchar,Béchar,1984,,,11,6,,,801
9,البليدة,Blida,Blida,1984,,,25,10,,,901
10,البويرة,Bouira,Bouira,1984,,,45,12,,,1001
11,تمنراست,Tamanrasset,Tamanrasset,1984,,,5,3,,,1101
12,تبسة,Tébessa,Tébessa,1984,,,28,12,24,10,1201
13,تلمسان,Tlemcen,Tlemcen,1984,,,53,20,49,19,1301
14,تيارت,Tiaret,Tiaret,1984,,,42,14,36,12,1401
15,تيزي وزو,Tizi Ouzou,Tizi Ouzou,1984,,,67,21,,,1501
16,الجزائر,Alger,Algiers,1984,,,57,13,,,1601
17,الجلفة,Djelfa,Djelfa,1984,,,36,12,18,6,1701
18,جيجل,Jijel,Jijel,1984,,,28,11,,,1801
19,سطيف,Sétif,Sétif,1984,,,60,20,,,1901
20,سعيدة,Saïda,Saïda,1984,,,16,6,,,2001
21,سكيكدة,Skikda,Skikda,1984,,,38,13,,,2101
22,سيدي بلعباس,Sidi Bel Abbès,Sidi Bel Abbès,1984,,,52,15,,,2201
23,عنابة,Annaba,Annaba,1984,,,12,6,,,2301
24,قالمة,Guelma,Guelma,1984,,,34,10,,,2401
25,قسنطينة,Constantine,Constantine,1984,,,12,7,,,2501
26,المدية,Médéa,Médéa,1984,,,64,19,43,13,2601
27,مستغانم,Mostaganem,Mostaganem,1984,,,32,10,,,2701
28,المسيلة,M'Sila,M'Sila,1984,,,47,15,24,7,2801
29,معسكر,Mascara,Mascara,1984,,,47,16,,,2901
30,ورقلة,Ouargla,Ouargla,1984,,,8,5,,,3001
31,وهران,Oran,Oran,1984,,,26,9,,,3101
32,البيض,El Bayadh,El Bayadh,1984,,,22,8,15,5,3201
33,إليزي,Illizi,Illizi,1984,,,4,4,,,3301
34,برج بوعريريج,Bordj Bou Arreridj,Bordj Bou Arreridj,1984,,,34,10,,,3401
35,بومرداس,Boumerdès,Boumerdès,1984,,,32,9,,,3501
36,الطارف,El Tarf,El Tarf,1984,,,24,7,,,3601
37,تندوف,Tindouf,Tindouf,1984,,,2,1,,,3701
38,تيسمسيلت,Tissemsilt,Tissemsilt,1984,,,22,8,,,3801
39,الوادي,El Oued,El Oued,1984,,,22,10,,,3901
40,خنشلة,Khenchela,Khenchela,1984,,,21,8,,,4001
41,سوق أهراس,Souk Ahras,Souk Ahras,1984,,,26,10,,,4101
42,تيبازة,Tipaza,Tipaza,1984,,,28,10,,,4201
43,ميلة,Mila,Mila,1984,,,32,13,,,4301
44,عين الدفلى,Aïn Defla,Aïn Defla,1984,,,36,14,,,4401
45,النعامة,Naâma,Naâma,1984,,,12,7,,,4501
46,عين تموشنت,Aïn Témouchent,Aïn Témouchent,1984,,,28,8,,,4601
47,غرداية,Ghardaïa,Ghardaïa,1984,,,10,8,,,4701
48,غليزان,Relizane,Relizane,1984,,,38,13,,,4801
49,تيميمون,Timimoun,Timimoun,2019,1,Law 19-12,10,4,,,4901
50,برج باجي مختار,Bordj Badji Mokhtar,Bordj Badji Mokhtar,2019,1,Law 19-12,2,1,,,5001
51,أولاد جلال,Ouled Djellal,Ouled Djellal,2019,7,Law 19-12,6,2,,,5101
52,بني عباس,Béni Abbès,Béni Abbès,2019,8,Law 19-12,10,6,,,5201
53,عين صالح,In Salah,In Salah,2019,11,Law 19-12,3,2,,,5301
54,عين قزام,In Guezzam,In Guezzam,2019,11,Law 19-12,2,2,,,5401
55,توقرت,Touggourt,Touggourt,2019,30,Law 19-12,13,5,,,5501
56,جانت,Djanet,Djanet,2019,33,Law 19-12,2,1,,,5601
57,المغير,El M'Ghair,El M'Ghair,2019,39,Law 19-12,8,2,,,5701
58,المنيعة,El Meniaa,El Meniaa,2019,47,Law 19-12,3,1,,,5801
59,آفلو,Aflou,Aflou,2026,3,Law 26-06,12,5,,,319
60,بريكة,Barika,Barika,2026,5,Law 26-06,8,3,,,542
61,القنطرة,El Kantara,El Kantara,2026,7,Law 26-06,5,3,,,717
62,بئر العاتر,Bir El Ater,Bir El Ater,2026,12,Law 26-06,4,2,,,1202
63,العريشة,El Aricha,El Aricha,2026,13,Law 26-06,4,2,,,1332
64,قصر الشلالة,Ksar Chellala,Ksar Chellala,2026,14,Law 26-06,6,2,,,1429
65,عين وسارة,Aïn Ouessara,Aïn Ouessara,2026,17,Law 26-06,10,4,,,1731
66,مسعد,Messaad,Messaad,2026,17,Law 26-06,8,2,,,1717
67,قصر البخاري,Ksar El Boukhari,Ksar El Boukhari,2026,26,Law 26-06,21,6,,,2635
68,بوسعادة,Bou Saâda,Bou Saâda,2026,28,Law 26-06,23,8,,,2820
69,الأبيض سيدي الشيخ,El Abiodh Sidi Cheikh,El Abiodh Sidi Cheikh,2026,32,Law 26-06,7,3,,,3207
