id,name,wilaya_code,commune_code,commune,commune_ar,lat,lng,geo_precision,geo_method,source,operator,technology,address
ooredoo-007c4742a0,TAMANRASSET,11,,TAMANRASSET,,22.0866349112,5.6940048177,approximate,operator_commune_point,ooredoo,ooredoo,5G,
ooredoo-0311221e84,EUCALYPTUS,16,,EUCALYPTUS,,36.6701587633,3.1633509511,approximate,operator_commune_point,ooredoo,ooredoo,5G,
ooredoo-0403e5ac4f,EL BAYADH,32,,EL BAYADH,,33.6452536793,1.0204015112,approximate,operator_commune_point,ooredoo,ooredoo,5G,
ooredoo-081070c890,GUENZET,19,,GUENZET,,36.3342591444,4.8242244219,approximate,operator_commune_point,ooredoo,ooredoo,5G,
ooredoo-09afb4a635,RAIS HAMIDOU,16,,RAIS HAMIDOU,,36.8077550386,3.0122156233,approximate,operator_commune_point,ooredoo,ooredoo,5G,
ooredoo-0d9443c3d8,DJASR KASSENTINA,16,,DJASR KASSENTINA,,36.6949973015,3.0776130789,approximate,operator_commune_point,ooredoo,ooredoo,5G,
ooredoo-0ec640d740,IDELES,11,,IDELES,,25.2433135773,5.9917907218,approximate,operator_commune_point,ooredoo,ooredoo,5G,
ooredoo-12600b3ae6,TEBESSA,12,,TEBESSA,,35.3891862766,8.0776043757,approximate,operator_commune_point,ooredoo,ooredoo,5G,
ooredoo-12daae9dc9,EL KHARROUBA,35,,EL KHARROUBA,,36.6121927631,3.4228426836,approximate,operator_commune_point,ooredoo,ooredoo,5G,
ooredoo-1496fa72ed,KAOUS,18,,KAOUS,,36.748638406,5.7683332133,approximate,operator_commune_point,ooredoo,ooredoo,5G,
ooredoo-171be892ea,IN GUEZZAM,54,,IN GUEZZAM,,20.3764244845,5.6778710767,approximate,operator_commune_point,ooredoo,ooredoo,5G,
ooredoo-18f663f5fb,BEN AKNOUN,16,,BEN AKNOUN,,36.7575273697,3.0107245283,approximate,operator_commune_point,ooredoo,ooredoo,5G,
ooredoo-1998212772,MAHELMA,16,,MAHELMA,,36.6644636387,2.8603066938,approximate,operator_commune_point,ooredoo,ooredoo,5G,
ooredoo-1a232e0726,DELY BRAHIM,16,,DELY BRAHIM,,36.7550347197,2.9805694236,approximate,operator_commune_point,ooredoo,ooredoo,5G,
ooredoo-1a81114f19,TLEMCEN,13,,TLEMCEN,,34.8934649225,-1.3148545439,approximate,operator_commune_point,ooredoo,ooredoo,5G,
ooredoo-1a834eb6a3,ALGER,16,,ALGER,,36.7783768719,3.0602469247,approximate,operator_commune_point,ooredoo,ooredoo,5G,
ooredoo-1acb0cc384,BENI TAMOU,09,,BENI TAMOU,,36.5357824054,2.8139884206,approximate,operator_commune_point,ooredoo,ooredoo,5G,
ooredoo-1ade940512,FOUKA,42,,FOUKA,,36.6608525925,2.7510300358,approximate,operator_commune_point,ooredoo,ooredoo,5G,
ooredoo-1c12bb9b5c,OULED MOUSSA,35,,OULED MOUSSA,,36.68644898,3.3725904699,approximate,operator_commune_point,ooredoo,ooredoo,5G,
ooredoo-1d084f1d50,ARZEW,31,,ARZEW,,35.8590886601,-0.3470926894,approximate,operator_commune_point,ooredoo,ooredoo,5G,
ooredoo-1e2ab38f7f,BOUZGUENE,15,,BOUZGUENE,,36.6155048606,4.4899455195,approximate,operator_commune_point,ooredoo,ooredoo,5G,
ooredoo-1e63071a76,TIZI RACHED,15,,TIZI RACHED,,36.6884017482,4.1882886409,approximate,operator_commune_point,ooredoo,ooredoo,5G,
ooredoo-203d48ae76,BETHIOUA,31,,BETHIOUA,,35.7427179147,-0.2591924195,approximate,operator_commune_point,ooredoo,ooredoo,5G,
ooredoo-209735a710,DOUERA,16,,DOUERA,,36.6588028783,2.9342726156,approximate,operator_commune_point,ooredoo,ooredoo,5G,
ooredoo-26e9a894f0,KHEMISTI,42,,KHEMISTI,,36.6179776609,2.6847291931,approximate,operator_commune_point,ooredoo,ooredoo,5G,
ooredoo-28410c6856,BOUDOUAOU EL BAHRI,35,,BOUDOUAOU EL BAHRI,,36.7634393124,3.3884065582,approximate,operator_commune_point,ooredoo,ooredoo,5G,
ooredoo-293a9854c9,ZERALDA,16,,ZERALDA,,36.6975271897,2.8383360062,approximate,operator_commune_point,ooredoo,ooredoo,5G,
ooredoo-29624f28a3,BOLOGHINE IBNOU ZIRI,16,,BOLOGHINE IBNOU ZIRI,,36.8031599041,3.0364192043,approximate,operator_commune_point,ooredoo,ooredoo,5G,
ooredoo-29b209adec,EL HARROUCH,21,,EL HARROUCH,,36.6258753321,6.8031332057,approximate,operator_commune_point,ooredoo,ooredoo,5G,
ooredoo-29cd67014e,ROUIBA,16,,ROUIBA,,36.7355535344,3.2804627492,approximate,operator_commune_point,ooredoo,ooredoo,5G,
ooredoo-2ab65278cb,OUED FODDA,02,,OUED FODDA,,36.1974548211,1.5507417555,approximate,operator_commune_point,ooredoo,ooredoo,5G,
ooredoo-2b7b07cdf1,EL MARSA,16,,EL MARSA,,36.8075094175,3.2441279686,approximate,operator_commune_point,ooredoo,ooredoo,5G,
ooredoo-2bb3b871d6,BOUKADIR,02,,BOUKADIR,,36.028637072,1.11989714,approximate,operator_commune_point,ooredoo,ooredoo,5G,
ooredoo-2c55a83b68,OUED KORICHE,16,,OUED KORICHE,,36.7851170448,3.0418997578,approximate,operator_commune_point,ooredoo,ooredoo,5G,
ooredoo-2d88ea61bc,HARAOUA,16,,HARAOUA,,36.7689515226,3.3119985962,approximate,operator_commune_point,ooredoo,ooredoo,5G,
ooredoo-3306cf839d,HYDRA,16,,HYDRA,,36.7435895544,3.0251727652,approximate,operator_commune_point,ooredoo,ooredoo,5G,
ooredoo-33aaef91fa,TIDJELABINE,35,,TIDJELABINE,,36.7134813947,3.5002305344,approximate,operator_commune_point,ooredoo,ooredoo,5G,
ooredoo-3534ea58a1,AIN TURK,31,,AIN TURK,,35.7374293989,-0.7721774386,approximate,operator_commune_point,ooredoo,ooredoo,5G,
ooredoo-3564a1af2f,OULED FAYET,16,,OULED FAYET,,36.7263993351,2.9418144689,approximate,operator_commune_point,ooredoo,ooredoo,5G,
ooredoo-35745da6bc,BIR MOURAD RAIS,16,,BIR MOURAD RAIS,,36.73318184,3.0445703273,approximate,operator_commune_point,ooredoo,ooredoo,5G,
ooredoo-35fdc6e709,THENIA,35,,THENIA,,36.7323217768,3.5500870393,approximate,operator_commune_point,ooredoo,ooredoo,5G,
ooredoo-364fd5f8cb,BOUMERDES,35,,BOUMERDES,,36.7570484873,3.4879059534,approximate,operator_commune_point,ooredoo,ooredoo,5G,
ooredoo-375b2c4199,BIR EL DJIR,31,,BIR EL DJIR,,35.7295067998,-0.5505961872,approximate,operator_commune_point,ooredoo,ooredoo,5G,
ooredoo-38e3e67804,BECHAR,08,,BECHAR,,31.5920455732,-1.9159643683,approximate,operator_commune_point,ooredoo,ooredoo,5G,
ooredoo-39be5ee28b,BAZER SAKHRA,19,,BAZER SAKHRA,,36.0787526735,5.6803666813,approximate,operator_commune_point,ooredoo,ooredoo,5G,
ooredoo-3b161ffeee,OULED HEDADJ,35,,OULED HEDADJ,,36.7111651746,3.3422247051,approximate,operator_commune_point,ooredoo,ooredoo,5G,
ooredoo-3d0ce12c10,AIN BENIAN,16,,AIN BENIAN,,36.7931934794,2.9276964381,approximate,operator_commune_point,ooredoo,ooredoo,5G,
ooredoo-3d22e3d667,HAMMA ANASSERS,16,,HAMMA ANASSERS,,36.7491162336,3.0740161882,approximate,operator_commune_point,ooredoo,ooredoo,5G,
ooredoo-3d4f75375f,EL ACHOUR,16,,EL ACHOUR,,36.7288856142,2.9841403475,approximate,operator_commune_point,ooredoo,ooredoo,5G,
ooredoo-3defa3ffc3,SAIDA,20,,SAIDA,,34.8319469951,0.1354507138,approximate,operator_commune_point,ooredoo,ooredoo,5G,
ooredoo-3e1c8af876,ADRAR,01,,ADRAR,,27.966641948,-0.182860151,approximate,operator_commune_point,ooredoo,ooredoo,5G,
ooredoo-3f15354fd2,EL MILIA,18,,EL MILIA,,36.7978317994,6.2745537052,approximate,operator_commune_point,ooredoo,ooredoo,5G,
ooredoo-402f42795d,CASBAH,16,,CASBAH,,36.7844390519,3.0600802518,approximate,operator_commune_point,ooredoo,ooredoo,5G,
ooredoo-404997f89d,BORDJ BADJI MOKHTAR,50,,BORDJ BADJI MOKHTAR,,23.4807963281,-0.8629135221,approximate,operator_commune_point,ooredoo,ooredoo,5G,
ooredoo-41c544377a,DJELFA,17,,DJELFA,,34.661261079,3.2197755561,approximate,operator_commune_point,ooredoo,ooredoo,5G,
ooredoo-41d68cee83,KOUBA,16,,KOUBA,,36.7241588034,3.0781381718,approximate,operator_commune_point,ooredoo,ooredoo,5G,
ooredoo-427b9fbf0b,ANNABA,23,,ANNABA,,36.9157885856,7.7409927981,approximate,operator_commune_point,ooredoo,ooredoo,5G,
ooredoo-4362d58094,BOUDOUAOU,35,,BOUDOUAOU,,36.7039269845,3.4201207128,approximate,operator_commune_point,ooredoo,ooredoo,5G,
ooredoo-45d9381448,LAKHDARIA,10,,LAKHDARIA,,36.561799747,3.589726887,approximate,operator_commune_point,ooredoo,ooredoo,5G,
ooredoo-496e1676c4,EL MENIAA,58,,EL MENIAA,,31.1508366248,2.9452427911,approximate,operator_commune_point,ooredoo,ooredoo,5G,
ooredoo-4be9255d91,MILIANA,44,,MILIANA,,36.30963097,2.2315120444,approximate,operator_commune_point,ooredoo,ooredoo,5G,
ooredoo-4cbb8c013e,LARBATACHE,35,,LARBATACHE,,36.602776774,3.3630640732,approximate,operator_commune_point,ooredoo,ooredoo,5G,
ooredoo-4d93325edc,EL MOURADIA,16,,EL MOURADIA,,36.7489315919,3.048597717,approximate,operator_commune_point,ooredoo,ooredoo,5G,
ooredoo-4db3e19ca5,BORDJ BOU ARRERIDJ,34,,BORDJ BOU ARRERIDJ,,36.072164971,4.7615821368,approximate,operator_commune_point,ooredoo,ooredoo,5G,
ooredoo-4e1061c660,KHRAICIA,16,,KHRAICIA,,36.6683583851,2.9975331088,approximate,operator_commune_point,ooredoo,ooredoo,5G,
ooredoo-4fed89bc6f,KHENCHELA,40,,KHENCHELA,,35.4357513766,7.1389807244,approximate,operator_commune_point,ooredoo,ooredoo,5G,
ooredoo-532d910c89,CHERAGA,16,,CHERAGA,,36.7636552147,2.9272605792,approximate,operator_commune_point,ooredoo,ooredoo,5G,
ooredoo-54aa183196,EL HARRACH,16,,EL HARRACH,,36.7083568134,3.1392989746,approximate,operator_commune_point,ooredoo,ooredoo,5G,
ooredoo-553bb67ec5,RAMDANE DJAMEL,21,,RAMDANE DJAMEL,,36.7536452248,6.9245759655,approximate,operator_commune_point,ooredoo,ooredoo,5G,
ooredoo-5685e70ada,DJINET,35,,DJINET,,36.8433363177,3.7412411586,approximate,operator_commune_point,ooredoo,ooredoo,5G,
ooredoo-57799f044f,HADJOUT,42,,HADJOUT,,36.5239711337,2.4156709698,approximate,operator_commune_point,ooredoo,ooredoo,5G,
ooredoo-58671f0a17,LAGHOUAT,03,,LAGHOUAT,,33.8627847789,2.8843477606,approximate,operator_commune_point,ooredoo,ooredoo,5G,
ooredoo-58e3effd5c,AIN M'LILA,04,,AIN M'LILA,,36.0204704806,6.5580027565,approximate,operator_commune_point,ooredoo,ooredoo,5G,
ooredoo-5a6231197e,BENI MERAD,09,,BENI MERAD,,36.5349378206,2.8505644093,approximate,operator_commune_point,ooredoo,ooredoo,5G,
ooredoo-5df4c883a8,LARBAA,09,,LARBAA,,36.5789076638,3.1662488012,approximate,operator_commune_point,ooredoo,ooredoo,5G,
ooredoo-5e549a351a,TIPAZA,42,,TIPAZA,,36.5951278278,2.4146616218,approximate,operator_commune_point,ooredoo,ooredoo,5G,
ooredoo-6356a1536b,DAR EL BEIDA,16,,DAR EL BEIDA,,36.7005426802,3.2222234627,approximate,operator_commune_point,ooredoo,ooredoo,5G,
ooredoo-645c488645,IN SALAH,53,,IN SALAH,,27.1936706238,2.4838179189,approximate,operator_commune_point,ooredoo,ooredoo,5G,
ooredoo-64e2258367,SIG,29,,SIG,,35.5304063664,-0.1754796593,approximate,operator_commune_point,ooredoo,ooredoo,5G,
ooredoo-6508b79f0d,BEJAIA,06,,BEJAIA,,36.7704053699,5.0028733646,approximate,operator_commune_point,ooredoo,ooredoo,5G,
ooredoo-6658e39098,TIMIMOUN,49,,TIMIMOUN,,29.5959977484,1.2970393797,approximate,operator_commune_point,ooredoo,ooredoo,5G,
ooredoo-66fa8c4737,ABALESSA,11,,ABALESSA,,22.3733367438,3.4131863633,approximate,operator_commune_point,ooredoo,ooredoo,5G,
ooredoo-67ed47d088,BAB EZZOUAR,16,,BAB EZZOUAR,,36.720638235,3.1859522538,approximate,operator_commune_point,ooredoo,ooredoo,5G,
ooredoo-69eb3532cd,TOUGGOURT,55,,TOUGGOURT,,33.1237161863,5.9177671197,approximate,operator_commune_point,ooredoo,ooredoo,5G,
ooredoo-6affb1c313,DRARIA,16,,DRARIA,,36.7146891006,3.0028650707,approximate,operator_commune_point,ooredoo,ooredoo,5G,
ooredoo-6e7b543f79,TIARET,14,,TIARET,,35.3487104006,1.3396861853,approximate,operator_commune_point,ooredoo,ooredoo,5G,
ooredoo-70e7854727,EL KHROUB,25,,EL KHROUB,,36.2610589783,6.6593922835,approximate,operator_commune_point,ooredoo,ooredoo,5G,
ooredoo-7110f161fc,SOUIDANIA,16,,SOUIDANIA,,36.7108717624,2.9027611406,approximate,operator_commune_point,ooredoo,ooredoo,5G,
ooredoo-71c0193738,SIDI M'HAMED,16,,SIDI M'HAMED,,36.7587889894,3.0546552442,approximate,operator_commune_point,ooredoo,ooredoo,5G,
ooredoo-732f4c2dbc,EL MADANIA,16,,EL MADANIA,,36.7416542856,3.0694423754,approximate,operator_commune_point,ooredoo,ooredoo,5G,
ooredoo-7532d25062,HAMMA BOUZIANE,25,,HAMMA BOUZIANE,,36.4254389142,6.5580767096,approximate,operator_commune_point,ooredoo,ooredoo,5G,
ooredoo-75745a79a8,CORSO,35,,CORSO,,36.7355360264,3.4416305769,approximate,operator_commune_point,ooredoo,ooredoo,5G,
ooredoo-75b4af18d7,BOU ISMAIL,42,,BOU ISMAIL,,36.6410864811,2.7061788074,approximate,operator_commune_point,ooredoo,ooredoo,5G,
ooredoo-7621eaa3a2,EL HAMMAMET,16,,EL HAMMAMET,,36.8043081112,2.9722573768,approximate,operator_commune_point,ooredoo,ooredoo,5G,
ooredoo-7672b74d91,SKIKDA,21,,SKIKDA,,36.8737147487,6.9206764488,approximate,operator_commune_point,ooredoo,ooredoo,5G,
ooredoo-774b7a1c31,BAB EL OUED,16,,BAB EL OUED,,36.7915447448,3.0522743958,approximate,operator_commune_point,ooredoo,ooredoo,5G,
ooredoo-787f04200e,OUARGLA,30,,OUARGLA,,32.1564175154,4.9163476367,approximate,operator_commune_point,ooredoo,ooredoo,5G,
ooredoo-78ab7c5be0,DRAA BEN KHEDA,15,,DRAA BEN KHEDA,,36.720140767,3.9594303104,approximate,operator_commune_point,ooredoo,ooredoo,5G,
ooredoo-79166e2687,STAOUELI,16,,STAOUELI,,36.7427493484,2.8728263022,approximate,operator_commune_point,ooredoo,ooredoo,5G,
ooredoo-7c5e8c51e8,OULED DJELLAL,51,,OULED DJELLAL,,34.4403169021,5.1043719281,approximate,operator_commune_point,ooredoo,ooredoo,5G,
ooredoo-7eeb7cda3f,BATNA,05,,BATNA,,35.5698929458,6.1668782072,approximate,operator_commune_point,ooredoo,ooredoo,5G,
ooredoo-7fe7b86269,SOUR EL GHOZLANE,10,,SOUR EL GHOZLANE,,36.1557771761,3.6960909677,approximate,operator_commune_point,ooredoo,ooredoo,5G,
ooredoo-83099f5c8c,TALA HAMZA,06,,TALA HAMZA,,36.685799489,5.0153735242,approximate,operator_commune_point,ooredoo,ooredoo,5G,
ooredoo-8348d52fa6,ES SENIA,31,,ES SENIA,,35.6377830649,-0.6399724432,approximate,operator_commune_point,ooredoo,ooredoo,5G,
ooredoo-85b0855265,REGHAIA,16,,REGHAIA,,36.7458850503,3.3492189277,approximate,operator_commune_point,ooredoo,ooredoo,5G,
ooredoo-86d3cd3fda,BLIDA,09,,BLIDA,,36.4843897632,2.8023838649,approximate,operator_commune_point,ooredoo,ooredoo,5G,
ooredoo-89e64d3ed7,SOUK AHRAS,41,,SOUK AHRAS,,36.2828028342,7.9544336871,approximate,operator_commune_point,ooredoo,ooredoo,5G,
ooredoo-89eff059a9,BOUGARA,09,,BOUGARA,,36.4788212321,3.1002626878,approximate,operator_commune_point,ooredoo,ooredoo,5G,
ooredoo-8a1bf7231f,LARBAE NATH IRATHENE,15,,LARBAE NATH IRATHENE,,36.631404715,4.1834289374,approximate,operator_commune_point,ooredoo,ooredoo,5G,
ooredoo-8a9b1f3703,BOUZAREAH,16,,BOUZAREAH,,36.7863951314,3.0120679533,approximate,operator_commune_point,ooredoo,ooredoo,5G,
ooredoo-8af5d549c5,DELLYS,35,,DELLYS,,36.882801662,3.9129976194,approximate,operator_commune_point,ooredoo,ooredoo,5G,
ooredoo-8cc0523cf3,TINDOUF,37,,TINDOUF,,27.0016756901,-6.5435002878,approximate,operator_commune_point,ooredoo,ooredoo,5G,
ooredoo-8db8a9b8cd,AIN TEMOUCHENT,46,,AIN TEMOUCHENT,,35.2734377857,-1.1349750302,approximate,operator_commune_point,ooredoo,ooredoo,5G,
ooredoo-8dd1284f43,EL OUED,39,,EL OUED,,33.3589395272,6.860077765,approximate,operator_commune_point,ooredoo,ooredoo,5G,
ooredoo-8e2c5a80af,BARAKI,16,,BARAKI,,36.6663090583,3.1007476715,approximate,operator_commune_point,ooredoo,ooredoo,5G,
ooredoo-903f54915c,CHETTIA,02,,CHETTIA,,36.1724615835,1.2515779479,approximate,operator_commune_point,ooredoo,ooredoo,5G,
ooredoo-91d92738ac,BIRKHADEM,16,,BIRKHADEM,,36.7145940193,3.0452451801,approximate,operator_commune_point,ooredoo,ooredoo,5G,
ooredoo-92d3e7a0fa,NAAMA,45,,NAAMA,,33.2555030862,-0.3258249634,approximate,operator_commune_point,ooredoo,ooredoo,5G,
ooredoo-930542abb9,HAMMADI,35,,HAMMADI,,36.6733634801,3.2644277433,approximate,operator_commune_point,ooredoo,ooredoo,5G,
ooredoo-968896fb2f,KHEMIS MILIANA,44,,KHEMIS MILIANA,,36.2547119299,2.2202496571,approximate,operator_commune_point,ooredoo,ooredoo,5G,
ooredoo-978d45d460,BIRTOUTA,16,,BIRTOUTA,,36.6416412929,3.0215148651,approximate,operator_commune_point,ooredoo,ooredoo,5G,
ooredoo-9b4096269d,AIN MERANE,02,,AIN MERANE,,36.1786717778,0.973182235,approximate,operator_commune_point,ooredoo,ooredoo,5G,
ooredoo-9b8ac29769,TISSEMSSILT,38,,TISSEMSSILT,,35.6040783781,1.8302668087,approximate,operator_commune_point,ooredoo,ooredoo,5G,
ooredoo-a05087d4c5,ORAN,31,,ORAN,,35.6936774024,-0.6486954818,approximate,operator_commune_point,ooredoo,ooredoo,5G,
ooredoo-a5840ed399,OUED SLY,02,,OUED SLY,,36.0960500279,1.2209257869,approximate,operator_commune_point,ooredoo,ooredoo,5G,
ooredoo-a68f357a40,BACHDJARAH,16,,BACHDJARAH,,36.7225980094,3.1112708011,approximate,operator_commune_point,ooredoo,ooredoo,5G,
ooredoo-a6ad3ab218,MASCARA,29,,MASCARA,,35.3816164435,0.1488584992,approximate,operator_commune_point,ooredoo,ooredoo,5G,
ooredoo-a70b5e5e10,BOUIRA,10,,BOUIRA,,36.3666550388,3.8941623815,approximate,operator_commune_point,ooredoo,ooredoo,5G,
ooredoo-a7b4b6fa2c,COLLO,21,,COLLO,,37.0069208518,6.5505759625,approximate,operator_commune_point,ooredoo,ooredoo,5G,
ooredoo-ab542f3719,AIN ARNAT,19,,AIN ARNAT,,36.1770290982,5.2426734311,approximate,operator_commune_point,ooredoo,ooredoo,5G,
ooredoo-abb7bed667,BORDJ EL BAHRI,16,,BORDJ EL BAHRI,,36.7874408905,3.2498653391,approximate,operator_commune_point,ooredoo,ooredoo,5G,
ooredoo-ac9be44313,BOUINAN,09,,BOUINAN,,36.5099039944,2.9853141627,approximate,operator_commune_point,ooredoo,ooredoo,5G,
ooredoo-ad9f7283eb,DIDOUCHE MOURAD,25,,DIDOUCHE MOURAD,,36.4602079699,6.6584926368,approximate,operator_commune_point,ooredoo,ooredoo,5G,
ooredoo-b284d65b4d,GUELMA,24,,GUELMA,,36.4561756596,7.4235394886,approximate,operator_commune_point,ooredoo,ooredoo,5G,
ooredoo-b28b7424ed,ZEMMOURI,35,,ZEMMOURI,,36.7826668546,3.6025712021,approximate,operator_commune_point,ooredoo,ooredoo,5G,
ooredoo-b2dae01b75,AIN SMARA,25,,AIN SMARA,,36.2862778343,6.5021118121,approximate,operator_commune_point,ooredoo,ooredoo,5G,
ooredoo-b490c38b8a,BENI ABBES,52,,BENI ABBES,,29.970241673,-2.36922814,approximate,operator_commune_point,ooredoo,ooredoo,5G,
ooredoo-b88fdd85ce,DJANET,56,,DJANET,,23.9226590419,10.0271215702,approximate,operator_commune_point,ooredoo,ooredoo,5G,
ooredoo-b9bfca6f45,FREHA,15,,FREHA,,36.7536142402,4.2658246301,approximate,operator_commune_point,ooredoo,ooredoo,5G,
ooredoo-bb4d678da4,BORDJ EL KIFFAN,16,,BORDJ EL KIFFAN,,36.7524018925,3.2249830243,approximate,operator_commune_point,ooredoo,ooredoo,5G,
ooredoo-be90c2049c,EL MAGHARIA,16,,EL MAGHARIA,,36.7311880914,3.1100760289,approximate,operator_commune_point,ooredoo,ooredoo,5G,
ooredoo-c105c3efe4,BOGHNI,15,,BOGHNI,,36.5071129667,3.9718675969,approximate,operator_commune_point,ooredoo,ooredoo,5G,
ooredoo-c9851d5966,MOSTAGANEM,27,,MOSTAGANEM,,35.9241966805,0.0851564792,approximate,operator_commune_point,ooredoo,ooredoo,5G,
ooredoo-cdabff807b,EL MEGAIER,57,,EL MEGAIER,,33.9351298109,5.705291072,approximate,operator_commune_point,ooredoo,ooredoo,5G,
ooredoo-cfdaa4ed75,OULED YAICH,09,,OULED YAICH,,36.4925856399,2.8583913561,approximate,operator_commune_point,ooredoo,ooredoo,5G,
ooredoo-d053c340dc,OUED SMAR,16,,OUED SMAR,,36.7077636294,3.1639231901,approximate,operator_commune_point,ooredoo,ooredoo,5G,
ooredoo-d2c8e1cfe9,MILA,43,,MILA,,36.4411026486,6.260616347,approximate,operator_commune_point,ooredoo,ooredoo,5G,
ooredoo-d61da4015d,EL BIAR,16,,EL BIAR,,36.7664206648,3.0316922306,approximate,operator_commune_point,ooredoo,ooredoo,5G,
ooredoo-d6d2617ea0,BOUHAROUN,42,,BOUHAROUN,,36.6109087212,2.6545694205,approximate,operator_commune_point,ooredoo,ooredoo,5G,
ooredoo-d8ed51cde9,HUSSEIN DEY,16,,HUSSEIN DEY,,36.7402240945,3.1075337279,approximate,operator_commune_point,ooredoo,ooredoo,5G,
ooredoo-daa2eb80b1,MEDEA,26,,MEDEA,,36.2788271964,2.7624305419,approximate,operator_commune_point,ooredoo,ooredoo,5G,
ooredoo-dc8207266d,SIDI AMAR,23,,SIDI AMAR,,36.8033386691,7.674853052,approximate,operator_commune_point,ooredoo,ooredoo,5G,
ooredoo-dcfcff7ebe,BEN M'HIDI,36,,BEN M'HIDI,,36.7704169523,7.963226344,approximate,operator_commune_point,ooredoo,ooredoo,5G,
ooredoo-ddf814c555,BOUROUBA,16,,BOUROUBA,,36.7144298441,3.116768534,approximate,operator_commune_point,ooredoo,ooredoo,5G,
ooredoo-e02d453f0d,AIT AISSA MIMOUN,15,,AIT AISSA MIMOUN,,36.7484755864,4.1124241709,approximate,operator_commune_point,ooredoo,ooredoo,5G,
ooredoo-e06a66048f,CHERCHELL,42,,CHERCHELL,,36.5812779827,2.2350646095,approximate,operator_commune_point,ooredoo,ooredoo,5G,
ooredoo-e290c9b632,SETIF,19,,SETIF,,36.1899325283,5.4171406012,approximate,operator_commune_point,ooredoo,ooredoo,5G,
ooredoo-e45b5d4a53,BORDJ MENAIEL,35,,BORDJ MENAIEL,,36.7488570971,3.7484876325,approximate,operator_commune_point,ooredoo,ooredoo,5G,
ooredoo-e489c17e63,BISKRA,07,,BISKRA,,34.8513739078,5.7305310558,approximate,operator_commune_point,ooredoo,ooredoo,5G,
ooredoo-e5d03e150d,OUED GHIR,06,,OUED GHIR,,36.7167596618,4.9658805958,approximate,operator_commune_point,ooredoo,ooredoo,5G,
ooredoo-e8842cf687,BOUFARIK,09,,BOUFARIK,,36.5740634819,2.91694436,approximate,operator_commune_point,ooredoo,ooredoo,5G,
ooredoo-e8e268d5b9,CONSTANTINE,25,,CONSTANTINE,,36.3555633547,6.6311161163,approximate,operator_commune_point,ooredoo,ooredoo,5G,
ooredoo-e9241e2930,ISSER,35,,ISSER,,36.6952356484,3.6873919326,approximate,operator_commune_point,ooredoo,ooredoo,5G,
ooredoo-ecdb7d7c5d,MEFTAH,09,,MEFTAH,,36.6219302411,3.2240740716,approximate,operator_commune_point,ooredoo,ooredoo,5G,
ooredoo-ed86879fa1,BENI MESSOUS,16,,BENI MESSOUS,,36.7811574635,2.9771089842,approximate,operator_commune_point,ooredoo,ooredoo,5G,
ooredoo-ef3e0caad9,TAHER,18,,TAHER,,36.7725320427,5.905419205,approximate,operator_commune_point,ooredoo,ooredoo,5G,
ooredoo-f0e925bd98,JIJEL,18,,JIJEL,,36.7936037583,5.7426815654,approximate,operator_commune_point,ooredoo,ooredoo,5G,
ooredoo-f3b29bd761,EL EULMA,19,,EL EULMA,,36.1596307938,5.6999954642,approximate,operator_commune_point,ooredoo,ooredoo,5G,
ooredoo-f8e80c209a,AIN DEFLA,44,,AIN DEFLA,,36.2523135261,1.9744668719,approximate,operator_commune_point,ooredoo,ooredoo,5G,
ooredoo-f927779355,MOHAMMADIA,16,,MOHAMMADIA,,36.7343051583,3.1561045254,approximate,operator_commune_point,ooredoo,ooredoo,5G,
ooredoo-fa5283d472,ILLIZI,33,,ILLIZI,,26.3976569594,8.2218290812,approximate,operator_commune_point,ooredoo,ooredoo,5G,
ooredoo-fad32de5b4,GHARDAIA,47,,GHARDAIA,,32.599406284,3.7286256472,approximate,operator_commune_point,ooredoo,ooredoo,5G,
ooredoo-fbaefa673c,OUM BOUAGHI,04,,OUM BOUAGHI,,35.8511849366,7.1121459973,approximate,operator_commune_point,ooredoo,ooredoo,5G,
ooredoo-fbee465603,SIDI BEL ABBES,22,,SIDI BEL ABBES,,35.2055074499,-0.630842648,approximate,operator_commune_point,ooredoo,ooredoo,5G,
ooredoo-fbf2df622e,EL BOUNI,23,,EL BOUNI,,36.843021866,7.7150549298,approximate,operator_commune_point,ooredoo,ooredoo,5G,
ooredoo-fc8435d185,CHLEF,02,,CHLEF,,36.1665481965,1.3366271656,approximate,operator_commune_point,ooredoo,ooredoo,5G,
